{"Accels": [1.0, 1.0, 1.0], "AccelBias": [0.0, 0.0, 0.0], "GyroBias": [-0.05828949620569146, -0.01646391307824667, -0.022803664790114357], "Mags": [1.0, 1.0, 1.0], "MagBias": [1.421608716711265, 7.881376096997666, -0.2206966065539672], "Magtransform": [[0.7382966866618949, 0.05440761666936565, -0.012738543100310286], [0.054407616669365645, 0.8543864408413709, -0.048591280399248094], [-0.012738543100310288, -0.04859128039924809, 1.5956767074669513]]}