{"Accels": [1.0, 1.0, 1.0], "AccelBias": [0.0, 0.0, 0.0], "GyroBias": [-0.05686335168071557, -0.016599736366339605, -0.023023378932617654], "Mags": [1.0, 1.0, 1.0], "MagBias": [2.013769346595834, 6.348937814360269, -0.38387697500096063], "Magtransform": [[0.9322065993321617, 0.024778549773020613, 0.0013820950691067323], [0.024778549773020603, 1.227062266607725, 0.12513583556450206], [0.0013820950691067545, 0.1251358355645021, 0.8874532347232327]]}