{"Accels": [1.0, 1.0, 1.0], "AccelBias": [0.0, 0.0, 0.0], "GyroBias": [-0.05686335168071557, -0.016599736366339605, -0.023023378932617654], "Mags": [1.0, 1.0, 1.0], "MagBias": [1.035138255116503, 3.6030873612575705, -2.1303257885206865], "Magtransform": [[1.008679260366685, -0.16601094314343856, 0.17739007727813408], [-0.16601094314343856, 0.8644963597415873, 0.020430433406643585], [0.17739007727813416, 0.020430433406643633, 1.2183550536400287]]}