{"Accels": [1.0, 1.0, 1.0], "AccelBias": [0.0, 0.0, 0.0], "GyroBias": [-0.05686335168071557, -0.016599736366339605, -0.023023378932617654], "Mags": [1.0, 1.0, 1.0], "MagBias": [3.984868401680978, 3.5475499183299597, -2.333672557137086], "Magtransform": [[1.0616902702260758, 0.2675530534936581, 0.09672735002327952], [0.2675530534936581, 0.8400139297629564, -0.028820764382956904], [0.09672735002327948, -0.028820764382956898, 1.2316159351322333]]}